,timestamp,energy_net,energy_total,electricity_net,electricity_total,fuelOil_total,naturalGas_total,propane_total,month,hr
0,"(1, 0)",5994.623231379032,1646448.617564516,1557.896320596774,426397.5033145161,16466.616941048385,1006254.1135129032,197329.8539564516,1,0
1,"(1, 1)",5846.478884153225,1603540.8588548386,1320.9008284959675,387100.85840806447,16237.108830725809,1005377.3457725806,194824.02950241935,1,1
2,"(1, 2)",5859.153540653226,1547263.1699435485,1229.670158805645,357637.07778467744,15448.16926233871,984290.621923387,189885.3165217742,1,2
3,"(1, 3)",5922.347130112903,1523362.5355967742,1174.1342867596777,344428.6181975806,15402.55411919355,976777.3616588708,186754.28665,1,3
4,"(1, 4)",6237.564257709678,1553981.4754758065,1213.0470837387095,344167.2631580645,15302.110270645162,1005257.0355282256,189251.9825685484,1,4
5,"(1, 5)",6973.0216735,1588207.0676370966,1223.2536869991936,349236.1216419355,14846.76860069355,1027151.9666975806,196970.1364685484,1,5
6,"(1, 6)",7098.706103677419,1651049.1797016128,1245.1489696258066,363155.569658871,14826.30362048387,1063351.4117241935,209716.7091056452,1,6
7,"(1, 7)",7145.563647145162,1739092.811798387,1345.432214919355,385175.6610596774,15226.968809193548,1117622.5608774193,221066.1807104839,1,7
8,"(1, 8)",7513.465753169355,1830317.372903226,1485.1339985806453,418307.5761766129,15627.04112483871,1166003.3579596777,230376.560008871,1,8
9,"(1, 9)",7815.917233104839,1898889.3361612903,1730.996562653226,447650.2893451613,16443.550416532256,1193733.9744532255,241058.2269217742,1,9
10,"(1, 10)",7289.389065879031,1907635.8065806453,1492.6888767104838,459280.1367379032,17108.45083330645,1188679.1625266129,242564.91898951613,1,10
11,"(1, 11)",6282.595112475807,1837778.801532258,866.612279263871,454218.4386887097,17199.91060064516,1137367.5245346776,228991.4079887097,1,11
12,"(1, 12)",5267.421396008064,1732616.6317903227,313.36634721144355,436562.5479056452,16141.878942096777,1064794.1524669356,215116.784625,1,12
13,"(1, 13)",4315.912820233872,1604077.440669355,-200.1681461023387,410584.8114266129,14719.072638064516,978913.4390024194,199858.82277096776,1,13
14,"(1, 14)",3738.5967524596776,1500361.9769193549,-475.42033814545965,389453.17682258063,14670.281963467742,912298.7321370968,183937.3465322581,1,14
15,"(1, 15)",3427.1995332983875,1362990.7639274194,-581.9716524432258,362776.6092403226,13252.305626975804,823463.3169185484,163497.03822177422,1,15
16,"(1, 16)",3285.784519935484,1264944.2411548388,-396.33136711975806,344060.9695919355,11445.530710451612,757971.2785653225,151462.71455080644,1,16
17,"(1, 17)",3448.418767016129,1239945.1035790322,9.93518219596774,344963.55785564514,10981.430433685484,736790.0442225807,147209.7583951613,1,17
18,"(1, 18)",4104.8369836854845,1292821.7315129032,602.7011913919355,370924.55604516127,11109.145280870967,758741.1809693548,152048.50938306452,1,18
19,"(1, 19)",4976.733517185484,1398387.9136887095,1360.172916691129,413632.2899282258,12032.515866879032,806748.8637435484,165973.83193709678,1,19
20,"(1, 20)",5071.479264153226,1489959.8655403226,1609.2398113064514,448328.84393387096,12880.017636241935,853891.9017879033,174858.42106935484,1,20
21,"(1, 21)",5264.509681556452,1552478.3457741935,1696.9615339919353,464479.1269758064,13919.23474333871,894418.679283871,179661.06976451614,1,21
22,"(1, 22)",5586.568880346775,1588989.340282258,1741.371095483871,462964.259683871,14587.828596129031,927312.3750016128,184125.0737209677,1,22
23,"(1, 23)",5729.135302870968,1614823.7787016127,1667.9682979112904,446690.8510612903,15250.926358790322,961239.3595943548,191642.1207370968,1,23
24,"(2, 0)",5683.526393160714,1866467.4799821428,1466.6567243642858,469016.9769598214,19832.575289107142,1148140.4355392857,229478.63564910716,2,0
25,"(2, 1)",5695.954809616072,1841155.2699642857,1289.0601122071428,432937.8389714286,19743.79156330357,1159364.55144375,229109.9236375,2,1
26,"(2, 2)",5640.082057392858,1808537.7904910715,1155.6653812125,407743.5212267857,19194.681237232144,1154024.2674946429,227574.61187767857,2,2
27,"(2, 3)",5748.205352714285,1790385.371044643,1118.13939789375,395731.8535107143,19377.971869375,1150185.0741607142,225091.4382107143,2,3
28,"(2, 4)",6123.684693598215,1824549.5724910717,1155.6048483776783,395344.0936705357,19371.876141428573,1181872.4598758928,227958.86828571427,2,4
29,"(2, 5)",6855.397577169642,1866043.2316428567,1152.7403520160717,401601.0703508928,18929.675794464285,1209168.8359455357,236341.34100357143,2,5
30,"(2, 6)",7004.154622294643,1933511.0153392856,1174.4370203169642,416018.8501392857,19004.981886428573,1249132.1950160714,249356.22784196428,2,6
31,"(2, 7)",6995.838810357142,2021158.414580357,1282.0318271544645,437592.76012946427,19439.53612178572,1303154.2277080358,260971.24008125,2,7
32,"(2, 8)",7423.502167803571,2115047.4322857144,1445.9393895839287,469738.03446517856,19957.492406785717,1354359.5089330357,270990.42805803573,2,8
33,"(2, 9)",7685.919413098214,2185860.9139375,1640.3251932232142,499607.89990267856,20837.71587044643,1383088.958211607,282324.31580000004,2,9
34,"(2, 10)",7075.768810330357,2170136.0696964287,1291.325766717857,508636.2886946429,21277.36603517857,1359428.2652464283,280791.15569375,2,10
35,"(2, 11)",5954.066206875001,2079372.8659017857,642.978904308018,498178.0254714285,20998.542088482143,1296275.7955232144,263919.2039526786,2,11
36,"(2, 12)",4996.889328446428,1968453.1028660715,92.36649570508035,477257.7589607143,19647.563205,1222082.2413624998,249464.89095,2,12
37,"(2, 13)",4074.242868973214,1843551.9135089288,-473.85255380341965,452515.9430053571,18039.02731205357,1139243.05978125,233753.64027767855,2,13
38,"(2, 14)",3464.045380964286,1731867.9168571427,-776.8362785348214,428719.73729017854,17822.4892725,1068392.7515625,216930.50061517855,2,14
39,"(2, 15)",3227.8180327410714,1587024.426044643,-815.3199763939285,400774.1821357143,16191.592873839283,974539.1862017856,195518.53310267857,2,15
40,"(2, 16)",3128.9248135000003,1478822.5521875,-626.1183706617857,377578.71859375,14224.050233508928,904712.9862196428,182304.6756625,2,16
41,"(2, 17)",3320.3139374375,1442450.843915179,-225.95147255325,374362.6199044643,13594.558794883927,878412.1107464286,176079.26625892855,2,17
42,"(2, 18)",3889.489921357143,1478982.3051526786,331.2006352638036,395272.4769383929,13563.018900178571,891203.1175696428,178943.27369732145,2,18
43,"(2, 19)",4525.9451002767855,1559765.9953928571,989.1700435167946,431151.6341669643,14234.503763598212,923546.7403517858,190835.08684285716,2,19
44,"(2, 20)",5019.992396303571,1664934.9117767855,1536.2045340098214,468053.8187,15308.650694375,978797.4362607144,202777.5374267857,2,20
45,"(2, 21)",5282.597816642857,1749127.838482143,1675.1790878125,492950.4104205357,16713.10294107143,1030079.7488455356,209387.51939553567,2,21
46,"(2, 22)",5573.423142642858,1803941.9203839288,1714.521053607143,502114.4336625,17645.002285357143,1068774.0111223217,215409.90514732143,2,22
47,"(2, 23)",5733.018304169643,1845839.1502142856,1665.9824330714289,494285.7132383928,18482.17740392857,1109147.0942276786,223924.13074464284,2,23
48,"(3, 0)",3816.674536459677,1132819.227937903,1083.2433815419354,311767.68695887097,12342.103566056452,675600.6431540323,133109.84170064516,3,0
49,"(3, 1)",3915.05191475,1126601.8258927418,999.3957550274196,289227.0138814516,12317.036955483873,690805.4902741936,134250.90300411292,3,1
50,"(3, 2)",4037.350790080645,1125778.475715323,939.7104603983872,278649.65532419353,12384.96608641129,700525.4095217742,134219.1677148387,3,2
51,"(3, 3)",4338.784772419354,1162423.348407258,955.69696525,279634.45292258065,12633.059267741935,732625.233801613,137530.40169225808,3,3
52,"(3, 4)",4968.4086920080645,1215623.260702419,963.4197729266128,287558.55155725806,12692.020913467744,769661.3618298387,145711.3407991129,3,4
53,"(3, 5)",5366.718413669355,1283862.3654282258,1005.0975498475808,301485.3533241936,12809.455486370967,811293.4147943548,158275.8488717742,3,5
54,"(3, 6)",5495.513136290323,1375245.9274862905,1060.479160985484,323002.6421040322,13220.41067867742,867306.338051613,171718.20796854838,3,6
55,"(3, 7)",5834.208250967741,1479963.2406935482,1189.1639836185484,354287.5759935484,13824.43463030645,928193.1874975808,183656.6470717742,3,7
56,"(3, 8)",6236.501550677419,1561066.8974838709,1388.117569283871,383739.6542733871,14613.686658064516,967692.8582725808,195020.4769443549,3,8
57,"(3, 9)",5879.6866215080645,1569770.0297903223,1210.920626708065,395526.3498427419,15234.09300951613,961673.1752951612,197334.46931774192,3,9
58,"(3, 10)",4734.561050725806,1491830.1608145162,585.7520205212097,387717.9605403226,15053.57872983871,904294.5710016128,184761.1625733871,3,10
59,"(3, 11)",3504.008020364516,1376255.882660484,-124.59788541398387,367973.97681370965,13854.463402653226,825577.8866072581,168848.26869274196,3,11
60,"(3, 12)",2294.535161907177,1239650.1277354837,-808.8093579757258,340290.04853870964,12190.41400092742,735069.7777830645,152098.36047419356,3,12
61,"(3, 13)",1364.4775895522582,1113844.9123290323,-1321.9747967339515,314280.5831403226,11076.671767403224,653291.0433362903,135193.5694194355,3,13
62,"(3, 14)",790.0389000166452,989552.8585758064,-1633.339657732258,289175.6196201613,9901.250745951613,573522.5753435484,116949.74451241936,3,14
63,"(3, 15)",532.9461859541774,874489.0850137097,-1664.2855633306451,265466.8401419355,8229.011573870968,499178.690358871,101609.82830314516,3,15
64,"(3, 16)",488.1179151264274,807674.8679120967,-1399.042754897661,254581.7076870968,7076.519159806452,453687.9724516129,92323.67953145162,3,16
65,"(3, 17)",806.3314533200645,795115.925716129,-923.8118256754032,263155.9261362903,6548.750881169354,435771.159175,89642.59596048387,3,17
66,"(3, 18)",1516.3622995415324,817311.2430282258,-228.86652910793543,283503.2983975806,6494.090996048387,435925.0279491936,91388.9711144355,3,18
67,"(3, 19)",2177.815355831452,859283.4950967742,493.4376192396774,304855.23317419353,6834.455996959678,451859.04950725805,95733.52266024194,3,19
68,"(3, 20)",2792.344485153226,926524.4099790322,1087.004222925,326548.287583871,7809.734418145161,489763.5528637097,102401.43637274194,3,20
69,"(3, 21)",3284.30233825,1009774.9502774192,1332.3961936556452,347289.53670887096,8958.868746701613,542235.928582258,111285.8635464516,3,21
70,"(3, 22)",3601.433712072581,1077637.187701613,1331.8474935040324,354558.7529685484,10085.68679814516,592734.0989467741,120257.2690307258,3,22
71,"(3, 23)",3572.4161424435483,1114020.530296774,1180.101644675,337023.41022661293,11376.230417637096,637838.2478395161,127786.8287564516,3,23
72,"(4, 0)",1855.313371935,704397.0006558334,735.2893351608333,219803.0648258333,7374.971744139167,398269.4025316667,78949.36385516667,4,0
73,"(4, 1)",1841.8791592758328,694612.4918766667,640.2831790266666,201301.42252166665,7357.013729771667,406538.7606130833,79413.063582,4,1
74,"(4, 2)",1919.1989132,699395.9792766667,620.7008333699999,195209.92076583332,7669.301516778333,417040.1979300834,79481.0755385,4,2
75,"(4, 3)",2196.3855473975,743178.9983483333,653.995865375,198875.350485,7943.134624735833,452655.9555103333,83704.5015195,4,3
76,"(4, 4)",2630.4044027275,792770.7881433333,671.0620662550001,207875.1524,8075.534177066667,484809.92381166667,92008.05067708336,4,4
77,"(4, 5)",2915.971009970833,863344.8789933334,711.3950397033333,222708.57442916665,8440.505626574999,528533.5202441667,103664.44353575,4,5
78,"(4, 6)",3125.5815086325,955361.0766275,814.0464825358333,244356.7173175,9033.748700008333,586385.955785,115585.97138908334,4,6
79,"(4, 7)",3567.312706628333,1059643.9498716667,949.7851283233334,278114.6937275,9589.143224308333,644857.3816266668,127081.69951233332,4,7
80,"(4, 8)",3641.4864964366666,1104068.617349167,976.9502101566668,302079.9133833333,10213.500591283337,658113.6048325,133658.95825641666,4,8
81,"(4, 9)",2765.4999045786667,1059890.158855833,502.78101241625,301543.92208083335,10282.070780791666,619327.45115,128733.12011108334,4,9
82,"(4, 10)",1692.3636700544166,976517.61803,-181.614401611575,289785.2592275,9982.030373508334,561249.1093625,115496.59998841668,4,10
83,"(4, 11)",856.0168164138333,889347.4598308334,-799.7446107137916,274114.2132075,8743.321223316667,502010.51179583336,104476.69301516666,4,11
84,"(4, 12)",170.99970350164168,794783.9549775,-1266.5308303231666,254733.6655933333,7525.031272258333,439309.4987216667,93211.64388641668,4,12
85,"(4, 13)",-407.2036512446583,722369.184795,-1627.8124967,239349.6941408333,7033.7144771358335,393833.6860685,82151.64657008332,4,13
86,"(4, 14)",-641.3987944866666,636083.1300416667,-1772.2355747539166,221320.76622916668,6050.238809348333,338662.39779125,70049.28255708334,4,14
87,"(4, 15)",-805.22368939625,569451.8002275,-1816.0128618593333,207314.47786,4882.931807403784,295534.47664733336,61716.466471583335,4,15
88,"(4, 16)",-685.3719208953249,542310.2709816667,-1562.558188726667,207495.7209916667,4399.58045126,273254.4269504167,57154.914999416666,4,16
89,"(4, 17)",-192.1758261525833,551200.7139191667,-1058.3425501120832,222642.34150583332,4055.8129178028335,268058.36468566663,56448.76966141666,4,17
90,"(4, 18)",425.480401396725,578270.0107658333,-443.358026380275,242907.04867833332,4038.500062759917,271610.89845916664,59712.126655583335,4,18
91,"(4, 19)",975.6326376206,596662.9551758333,132.57681825848334,253769.5584208333,4105.699510495833,277316.3922383333,61473.210124,4,19
92,"(4, 20)",1485.7962410483333,617992.5322608333,631.1104491653333,259337.79285083333,4573.862719829167,291632.3600386667,62447.43890583333,4,20
93,"(4, 21)",1961.9509087683327,657320.7899583334,1042.5051641,269873.1876325,5106.993634714917,315695.82896058337,66636.30599691666,4,21
94,"(4, 22)",2129.3221093991665,698002.5448816667,1119.8377740533333,276443.0393791667,5849.021293143333,343660.8503401667,72050.57752791667,4,22
95,"(4, 23)",1995.2857093525,704692.9702208334,915.648690985,251926.38451,6805.837281055,370341.0292653333,75628.3399225,4,23
96,"(5, 0)",1098.4185345741937,289749.7825935484,622.4758749967741,147137.52748064516,1698.8486250798387,117556.30705443549,23354.866405241934,5,0
97,"(5, 1)",943.5437089903228,256813.63700080648,480.46603602741936,122561.38590403226,1717.8073886521772,111336.54729048388,21194.88816178226,5,1
98,"(5, 2)",864.6613121483871,246761.15678951613,424.0416993854839,112294.1952242742,1843.6211519822584,112331.0282639516,20299.204615717743,5,2
99,"(5, 3)",961.9920069120968,261705.4512314516,418.5996096064516,110367.33614661291,1987.2039276846772,127200.8073066129,22150.775182782258,5,3
100,"(5, 4)",1162.789857589516,287701.9168024193,421.6223419282258,114670.2815232258,2184.8863354548384,144918.3690092742,25925.66249595968,5,4
101,"(5, 5)",1390.4060407282257,332846.0273766129,441.7387426822581,124484.70478403226,2445.23355423871,173404.98282064515,32513.33981766129,5,5
102,"(5, 6)",1628.7059498137096,403723.2135387097,532.5476358024194,143749.37064451614,2776.39815576129,215272.2174157258,41927.61947991936,5,6
103,"(5, 7)",1924.476739041936,471733.3006096775,621.8197780556451,171468.87851209677,3152.232509120968,247909.7829470968,49201.42675266129,5,7
104,"(5, 8)",1546.4048063990324,483554.92433951615,368.0860034102177,187893.37492903223,3179.355861967741,242979.74501774192,49498.92980532258,5,8
105,"(5, 9)",748.7810275046533,451330.4548709677,-163.7118073160887,187804.3468669355,2904.478111999193,214798.1613446774,45819.00341354839,5,9
106,"(5, 10)",-27.04437949216936,415511.7628733871,-795.0430383049194,184021.53991370965,2734.5388265225806,188516.2561891129,40231.70660427419,5,10
107,"(5, 11)",-702.7847517315564,384384.54793790326,-1383.29252305,181069.5762443549,2225.511276298387,165031.84309314514,36051.56162854839,5,11
108,"(5, 12)",-1179.824646257984,356744.98036129033,-1824.2209078798387,177678.78525725807,1769.440533057258,145295.9276127419,31996.232374112904,5,12
109,"(5, 13)",-1520.5793640435484,335582.261842742,-2067.0021595274197,176710.40765725807,1597.5726945443548,128898.41582137096,28377.417649596777,5,13
110,"(5, 14)",-1707.0114975772017,310269.7430080645,-2202.913811826613,173751.09999032255,1265.9731671258064,110978.59984080643,24274.29003967742,5,14
111,"(5, 15)",-1612.5719155329034,298920.4058895162,-2054.4855483701613,176129.47287419354,1041.0037370283871,99567.63314685485,22181.89642056452,5,15
112,"(5, 16)",-1291.1330584137097,311326.0189395161,-1692.634418473387,189082.25187177415,921.9164461156452,98550.8427648387,22767.564210403227,5,16
113,"(5, 17)",-707.3039752524194,342657.7492048387,-1148.4273933639515,212744.08916774197,893.3103393074193,104130.27371185484,24892.92692903226,5,17
114,"(5, 18)",-144.69469806325807,376273.3686604839,-563.3002270922581,234680.862117742,930.1050708201614,112891.8011264516,27766.974535,5,18
115,"(5, 19)",486.100087838379,387423.9726854839,49.96881141895968,242115.10432903224,947.8180005600808,116008.6175025,28354.586328629037,5,19
116,"(5, 20)",946.3621433290324,385193.122691129,524.0984350519354,240758.54970403225,1019.3020788983872,115962.41520620968,27453.228715806454,5,20
117,"(5, 21)",1335.3810465693548,381365.5360975806,883.0869514612903,234988.46223225805,1100.812916167742,118448.63480758065,26816.052536935484,5,21
118,"(5, 22)",1468.81917545,377273.6204145161,1035.5396666604838,226065.25488629032,1261.6868578796775,122471.90830483873,27476.992266451613,5,22
119,"(5, 23)",1315.7807672919355,335713.30844919354,840.3937864475806,189614.4851233871,1483.514520564516,119321.73825685483,25303.36135483871,5,23
120,"(6, 0)",907.5958430416666,238924.052335,641.667361315,148215.46917,1174.16484862025,72652.27685958333,16875.483936083336,6,0
121,"(6, 1)",717.3685040533333,193354.560915,489.44161136416665,119967.0588475,1175.43151312375,59214.400252750005,13003.232697825,6,1
122,"(6, 2)",550.1794381941667,170694.95420333333,397.7607211575,105654.93076175,1250.4237267186666,52493.77602175,11306.636168433331,6,2
123,"(6, 3)",510.0074879333333,168280.34223833334,372.9947540766667,99516.89949891668,1394.3255624569167,56150.28627025,11213.102281666668,6,3
124,"(6, 4)",582.494165855,177724.18627333333,383.3418193516666,99017.63543958332,1544.098878895,64290.90523908333,12870.097509966668,6,4
125,"(6, 5)",658.0972405083334,201256.2663841667,383.686856045,103874.93690475,1797.7700231625,79092.348512,16491.41672130833,6,5
126,"(6, 6)",781.26882899,245947.92562,400.2849369666666,116493.24556266666,2088.0348794466668,104957.15859691666,22408.225852025,6,6
127,"(6, 7)",871.1824919625,299162.2923941667,400.97299259183336,139111.15140333335,2306.8035632491665,128843.18036933332,28891.601818916668,6,7
128,"(6, 8)",564.1287137258499,319934.3963733333,82.73011377381667,156983.68689666668,2293.299571705,129994.87463158333,30667.22236283333,6,8
129,"(6, 9)",-55.80597233245,311611.31799,-447.66795839483336,163126.70403249998,2098.338502976667,117784.21257908334,28601.86917458333,6,9
130,"(6, 10)",-580.0932985768833,303801.8413016667,-983.4776586991668,166218.4466875,1983.5303298725,109228.06321116668,26366.31105283333,6,10
131,"(6, 11)",-1124.861323847167,304116.6984925,-1534.6788203425,171600.72047083333,1710.5895643866668,105372.70733558334,25439.44085783333,6,11
132,"(6, 12)",-1596.0942135653331,302029.06572666665,-2022.4275324358332,176698.38741083335,1449.4999766008334,99243.47289358334,24648.621189916663,6,12
133,"(6, 13)",-1888.8918072975,297440.3814941666,-2284.084393583333,181581.92175416663,1264.1110356641666,92234.49267291668,22369.626292583336,6,13
134,"(6, 14)",-2007.401219006667,287340.3573675,-2372.9202443916665,184490.54273833332,1053.094314676825,82003.19432383333,19799.636818,6,14
135,"(6, 15)",-1972.0049841333332,285059.54999083333,-2275.8943120416666,191259.34143416668,937.9017662231666,75035.81178825,17834.283300666666,6,15
136,"(6, 16)",-1631.6820447958337,297922.9972183333,-1948.9750719358333,204785.2822275,872.8630990630833,74051.75719033334,18211.63636558333,6,16
137,"(6, 17)",-1199.0770992775,329217.4662675,-1489.9188849116665,228632.27938666663,810.0886981039166,79652.46139183333,20119.063933166668,6,17
138,"(6, 18)",-454.4007994098334,362419.0423758334,-770.456846973125,250401.96800916668,774.2329868371083,88070.43730516666,23173.093683,6,18
139,"(6, 19)",320.30171664485,375688.94402,-44.1768032735,258179.04059666663,767.955251068,92602.07846416668,24136.411526666667,6,19
140,"(6, 20)",793.361867447,369118.6134866666,406.50568623466665,252920.3989033333,805.7263340565834,91939.129228,23456.166581166668,6,20
141,"(6, 21)",1207.148980704167,357943.9309941667,802.0791572491667,243890.0400583333,830.0129399108333,90833.86394558332,22395.17246691667,6,21
142,"(6, 22)",1405.3861097741667,341521.41029333335,1039.9890193125,228561.488355,941.8992694508332,90292.08990916668,21733.86894475,6,22
143,"(6, 23)",1199.406479295,298530.16532250005,866.2236980416667,192677.16177416669,1033.1582459475,84795.02511741666,20021.519532666665,6,23
144,"(7, 0)",1053.8277562209678,266109.20363629033,803.9472110080645,188036.263467742,491.0078833271775,62987.0734317742,14591.625613548387,7,0
145,"(7, 1)",799.8287387774193,209480.65307580648,626.6526349701612,151832.23302177418,437.20812116943546,46691.14487846774,10524.397702959675,7,1
146,"(7, 2)",644.0571646443548,171610.6668137097,521.4037512024194,129208.90735403226,397.4536044003629,34298.617949032254,7712.529050564516,7,2
147,"(7, 3)",561.7056614016129,152435.5528096774,470.7085467548387,115674.34415379033,399.8731658814355,29922.740291612903,6432.242243080645,7,3
148,"(7, 4)",524.8743045193548,145058.44605,437.9564219362903,107825.22021862904,437.7025632514517,30389.91995814516,6402.910496766129,7,4
149,"(7, 5)",519.2237013854839,149621.13354193547,407.2838901032258,105457.21992024191,477.2911214624516,35819.447395564515,7865.978349395161,7,5
150,"(7, 6)",584.2720208725807,170166.9514516129,428.81988154596775,109911.2882423387,592.6220259842178,48279.91490193548,11382.318808201611,7,6
151,"(7, 7)",703.0823326161291,211714.5338153226,447.73148524330645,127361.42234758064,686.7720389390322,66877.54859879032,16779.974760459678,7,7
152,"(7, 8)",575.2673378349112,244445.13456693548,266.5510969643468,147889.4419080645,716.6342804642742,76392.43406217742,19451.811006612905,7,8
153,"(7, 9)",178.27155017330645,256458.3076830645,-167.78117046475,162923.55957096774,712.8258174366129,74043.0965191129,18777.013163467745,7,9
154,"(7, 10)",-366.8256643712338,268311.8698532258,-691.4324442208871,175708.19224516128,643.4717314966371,73462.92596524194,18491.26455532258,7,10
155,"(7, 11)",-906.7455438291048,286138.20194596774,-1240.970257019355,192095.1134483871,562.2847995784193,74953.87314016129,18531.79049314516,7,11
156,"(7, 12)",-1251.992016091129,304346.4316024194,-1641.437378021774,209697.85647419357,522.7563298147016,75788.9177141129,18345.18381782258,7,12
157,"(7, 13)",-1546.078611964516,319582.93901854835,-1931.2799162225808,227255.92046693547,453.8188571126613,73707.4418798387,18172.20977935484,7,13
158,"(7, 14)",-1587.266095138766,323342.7578653226,-1932.5842994185484,238589.22376935484,413.8588950741936,67619.14476548387,16725.38812596774,7,14
159,"(7, 15)",-1529.410076676613,326760.80907983874,-1825.9587836951612,249719.67008467743,399.8319623822581,61749.7721825,14896.393646370969,7,15
160,"(7, 16)",-1250.2059585451614,341451.4942201613,-1521.775841008871,265648.5184645161,367.36016541782254,60646.09619516129,14788.565213709677,7,16
161,"(7, 17)",-692.8770251579033,368932.2606137097,-1026.4909964241936,287345.67153145163,378.2665047517742,64522.55186959678,16685.4001225,7,17
162,"(7, 18)",-138.73220726780644,401708.5543427419,-470.2320954030645,308194.7333862904,421.2182991948387,72987.36367330645,20105.0262225,7,18
163,"(7, 19)",504.7372351407258,418004.79306532256,137.96000251284676,315799.20932258066,410.3697592303226,80121.8630351613,21668.84179983871,7,19
164,"(7, 20)",920.0165066387096,413791.8867274193,578.2869651637096,311754.3697508065,414.3069832104032,80620.78141862903,21002.30812185484,7,20
165,"(7, 21)",1253.6475958709675,399246.7535443548,952.6215108532258,298913.9590693548,461.888449438629,80119.48982709678,19754.32429169355,7,21
166,"(7, 22)",1531.9166233532258,378431.6587088709,1197.560462241129,279801.9353314516,476.9580597822581,78836.7371041129,19320.13146548387,7,22
167,"(7, 23)",1305.3803154193547,333350.10364193545,1023.4526427419356,239498.0840016129,503.5749528805645,75396.82113822582,17950.022158548385,7,23
168,"(8, 0)",889.660395298387,246834.78345241936,664.2005159653227,168805.8571967742,551.097475228871,62839.69535395161,14634.055497258065,8,0
169,"(8, 1)",709.3944809540322,195544.65022258065,539.6006778782257,136192.63162258064,503.4936903902823,47936.93748346774,10916.149772298388,8,1
170,"(8, 2)",594.0692991459678,163660.34602903223,456.1631119596774,116963.2504935484,445.3732827670968,37943.398895967744,8316.215362596775,8,2
171,"(8, 3)",531.4331016241935,151095.90490967745,426.8262060282258,106683.32450733872,474.473259425,36473.6984216129,7457.493650717742,8,3
172,"(8, 4)",553.7522400508064,149247.83892661292,410.5721854709678,101712.03895419356,546.9364933064516,38939.672790887096,8046.455431790323,8,4
173,"(8, 5)",569.3832481629032,159265.7345145161,388.89560182177416,101556.38190693548,586.4168923029032,47275.97715185484,9845.770796298388,8,5
174,"(8, 6)",667.7812282056451,186301.5762814516,425.5218228330645,108965.73734725808,725.177140836371,62719.58026435484,13891.812092629032,8,6
175,"(8, 7)",893.5478317129032,236371.59012903224,515.7039090596775,129317.1262467742,871.6498846764516,86085.05485701613,20088.19630659677,8,7
176,"(8, 8)",810.394004642742,272594.6355943548,382.7193083284759,149155.2735548387,1006.4460125183872,98760.6229842742,23676.941627580647,8,8
177,"(8, 9)",298.51025016118547,275305.7548096774,-45.97169703855645,157875.3134548387,1029.4764837474193,93876.9195417742,22522.56873112903,8,9
178,"(8, 10)",-226.71027826967745,271695.3702040322,-574.5729878601531,163293.91652096776,954.3687858670162,86776.03995629032,20663.768664758063,8,10
179,"(8, 11)",-759.7749243170646,276778.6205169355,-1125.565539384516,172977.48359596773,765.0953271154032,83446.02003725806,19594.628082903226,8,11
180,"(8, 12)",-1243.914984222016,284320.1258185484,-1604.4147650870968,184773.88002419355,630.1040549087904,80157.38331782258,18769.793966048383,8,12
181,"(8, 13)",-1516.1866123774194,293646.5973758065,-1890.301194981452,199623.46260887096,518.0625636803226,75263.68116370967,18249.766224193547,8,13
182,"(8, 14)",-1635.937737514516,295823.79868629033,-1939.9907746991937,210848.59973548385,432.2018950991452,68182.85051403227,16365.703258548388,8,14
183,"(8, 15)",-1536.8318583419357,300920.0544169355,-1836.800004541129,223419.85836370967,383.5067896350807,62155.50482975807,14965.97320653226,8,15
184,"(8, 16)",-1213.3276753943549,316890.2881362903,-1480.150786198387,240544.0977806452,399.0141872220968,61168.58756346774,14778.976813951613,8,16
185,"(8, 17)",-727.7781122670967,348501.8789048387,-989.9194501101614,266016.21978790325,391.02757414298384,65287.711291290325,16807.04260314516,8,17
186,"(8, 18)",-3.4273305799274203,381703.5307483871,-329.11853171709674,287550.3659637097,412.4528254125,73656.31061846775,20084.94695217742,8,18
187,"(8, 19)",658.507005565242,396431.4421104839,299.7757677782016,294012.3271935484,442.14510246080647,80377.01689475807,21595.76337459677,8,19
188,"(8, 20)",1010.3117026129032,389741.9469185484,705.1421364887096,287144.93711451616,502.5597442541936,80958.88594919354,21136.519961129037,8,20
189,"(8, 21)",1372.0201204040322,373113.2680032258,1082.0249157991936,272687.454458871,497.7217658433064,80191.98510798387,19737.82743717742,8,21
190,"(8, 22)",1409.9433701741937,353698.1933556452,1104.0725066451614,255919.61431370967,571.5904971037096,78171.24209693549,19040.377967419357,8,22
191,"(8, 23)",1155.7761051209677,310133.99576290324,877.7581165120968,216349.20515403227,581.7019521394919,75432.51310306451,17771.653322096776,8,23
192,"(9, 0)",868.7041582533333,260734.08435666663,577.5974775808334,142215.39205416667,1625.7466986833335,95579.19353558333,21308.370212,9,0
193,"(9, 1)",692.2072965216666,225820.384735,447.9746576808333,118602.12395416666,1631.7092467194166,86929.49076175,18663.17504705833,9,1
194,"(9, 2)",663.2922205925,211978.88389666667,383.7978327508333,107963.08297541666,1702.78142347425,84992.14460491667,17332.6469158,9,2
195,"(9, 3)",670.2435001841666,220453.2234225,362.9543880766667,105111.61096308334,1854.7415397236416,95110.54837758333,18372.031449833336,9,3
196,"(9, 4)",812.4552672891666,238248.1171225,354.8187860475,107210.59427108332,2058.429110629583,107968.10933925,21011.023980058333,9,4
197,"(9, 5)",985.71687162,270775.3564291667,376.59241737,114329.95629608331,2330.1233174035838,127908.43165908332,26207.91471975,9,5
198,"(9, 6)",1183.6979475883334,323787.42825500004,437.84551031333336,128625.587182,2654.1972341835835,159348.10823841667,33159.20848724167,9,6
199,"(9, 7)",1514.5841775,393242.8817100001,557.9707412558333,154299.7877025,3025.539260743333,194707.62407866667,41203.43559083333,9,7
200,"(9, 8)",1778.2644547475,439947.50141666667,617.8255276033334,176030.76562249998,3477.0241299091667,213793.3458576667,46649.923688333336,9,8
201,"(9, 9)",1022.075818839925,437040.9073875,44.71150925590833,181602.99724,3664.012663426666,205361.28585308333,46413.201129500005,9,9
202,"(9, 10)",-33.42172853677501,403947.5323333333,-648.7012672349167,178463.932105,3524.416422500833,181068.04801125,40886.49035841667,9,10
203,"(9, 11)",-694.44199541375,370919.7453116666,-1233.9218362066667,173933.5135575,2840.1976275591664,157735.10505658333,36418.86956466667,9,11
204,"(9, 12)",-1286.9807750051666,339531.22553916665,-1764.4268495891667,170951.24842166668,2166.764995001666,134048.10218358334,32376.93082083333,9,12
205,"(9, 13)",-1601.661150679167,321296.38768916664,-2046.1341763491664,172904.49508833332,1646.7341817625,118628.50595066667,28126.907253416663,9,13
206,"(9, 14)",-1732.9596158275,301711.8129983333,-2120.748865615,174631.2968025,1311.4305925778333,102057.27103466666,23720.404498916665,9,14
207,"(9, 15)",-1636.165634886417,295403.5879858333,-2004.5663347083328,181429.13103416667,1120.112810416667,91228.71141133334,21633.7208455,9,15
208,"(9, 16)",-1220.1260823735,308257.59318250004,-1601.4141630441666,196559.40165166665,1025.23597521925,89188.82456375001,21482.53007125,9,16
209,"(9, 17)",-685.502608473325,338618.029055,-1004.4159380285834,220426.53604666665,953.5458411849166,93961.1792835,23273.54336833333,9,17
210,"(9, 18)",146.10282790530837,372516.0193,-260.00229922268335,242568.77348833333,994.2511860958332,102565.65645733332,26389.17014775,9,18
211,"(9, 19)",815.2263175805,383648.9160541667,392.26636492465,248213.4406208333,1076.65829502315,107170.54772758334,27186.135681666667,9,19
212,"(9, 20)",1268.8891163725,380063.85230333335,862.6805141691667,243913.308845,1184.3691259970833,108438.53740491669,26529.877529083333,9,20
213,"(9, 21)",1429.4551000391666,374626.8913933333,1032.5838458291666,235968.4273575,1374.22983012025,110793.31810283332,26493.573577166662,9,21
214,"(9, 22)",1375.8921054883333,365990.8357158333,1021.2117592983334,225788.8501625,1497.9856690446666,112386.08540175,26322.646608833333,9,22
215,"(9, 23)",1168.1721419741666,324598.1851708333,823.8326109591667,186473.45448833331,1731.7396677503334,110782.11267675,25607.78068475,9,23
216,"(10, 0)",2066.457728370968,586345.4156620967,696.9077293693548,191966.59264274195,5857.91171283871,326065.7145080645,62454.95417725806,10,0
217,"(10, 1)",2149.8278738717745,577047.8907346774,632.6941942556451,175228.82165967743,5766.608747572581,333405.2905943548,62647.59659459678,10,1
218,"(10, 2)",2318.610599808871,582116.2156322581,628.0566043088709,169923.99282258065,6039.397136395161,343013.4956943548,63141.52306,10,2
219,"(10, 3)",2546.646829804839,622025.5912145161,642.4497308806452,173092.53683225808,6256.449770540323,375352.5406790323,67331.27188709677,10,3
220,"(10, 4)",2941.861138033871,663987.683151613,660.5861247935485,181145.13869274195,6492.878926104839,402066.2923419355,74281.31287693548,10,4
221,"(10, 5)",3147.06776402742,722198.6457991935,691.7663506975806,193899.5577185484,6820.78558925,437042.73830725806,84431.6737317742,10,5
222,"(10, 6)",3344.5475878362904,803065.122592742,776.8343955959677,214264.70707983876,7272.66330325,486994.5553145161,94530.5794167742,10,6
223,"(10, 7)",3773.233450379032,892848.4348072581,902.2504495233871,245083.466525,7757.201091508065,536223.4831177419,103788.91810991937,10,7
224,"(10, 8)",4108.216243556451,958005.0365370968,1076.5301039379033,271268.4554209677,8479.694853911291,565369.6820887097,112891.6506191129,10,8
225,"(10, 9)",3759.125827467742,969349.6707766128,861.7989490507258,280291.4539435484,9022.762223467742,564395.0429024195,115640.93056951612,10,9
226,"(10, 10)",2657.3080035241933,906991.5711540324,230.2568297510484,272938.5189370968,8987.164682798388,519932.43203387095,105130.89171741936,10,10
227,"(10, 11)",1665.0251241859758,813722.351791129,-335.26358251366133,255151.7582935484,7673.99118183871,457574.55789516127,93322.65397475808,10,11
228,"(10, 12)",692.085002226621,702860.1615927418,-942.5535471448468,231464.55972016128,6371.652486475806,384785.2280032258,80235.8199166129,10,12
229,"(10, 13)",-7.253534002419349,615539.9829790323,-1344.729253923742,213447.16928870967,5668.645693556452,329159.8483524193,67261.28715693548,10,13
230,"(10, 14)",-368.2420349123387,524579.5020161291,-1526.0111810155645,194289.66007096772,4536.03339875,270784.8699959678,54965.43967927419,10,14
231,"(10, 15)",-463.37978751545967,458948.21756935486,-1429.5414991346777,181635.6726935484,3515.1650143540323,226609.30678508064,47184.60265483871,10,15
232,"(10, 16)",-290.0343454437903,434537.77627016127,-1105.9763593685484,181797.48455322583,3157.022416798387,206072.47754419356,43514.22402951613,10,16
233,"(10, 17)",209.11981450241933,448407.927332258,-570.6735069408064,198573.8754362903,2917.529322766129,203177.62331532256,43733.181181612905,10,17
234,"(10, 18)",801.767020392258,478732.28793790325,59.45097430580645,219801.75321935484,2870.04399810242,209335.4473441129,46718.66710354838,10,18
235,"(10, 19)",1443.917378357258,511024.3065483871,683.4870321978226,235259.57671612903,3074.460890126613,223472.81001943548,49213.554890080646,10,19
236,"(10, 20)",1833.660776523387,549158.2710919355,981.4468173717744,249199.20166612905,3753.7384689475807,244140.7665571774,52061.37245790322,10,20
237,"(10, 21)",2068.9785818056453,590942.4474169355,1086.1528589935483,261392.39029516128,4334.612345054032,269429.0640266129,55786.601533467736,10,21
238,"(10, 22)",2105.2542635790323,618512.9682241936,1051.0907262330643,257871.1375548387,4960.205760519354,295487.2730508064,60199.13028032258,10,22
239,"(10, 23)",2107.531901875,615445.5302427419,864.5717396604839,226755.146675,5737.587172104839,320029.98962903226,62926.09224145161,10,23
240,"(11, 0)",4887.612315875,1246873.8108233332,1237.9654240900002,336729.85807666666,13083.065083683332,752513.7661466667,144545.90922633332,11,0
241,"(11, 1)",4869.931051816667,1216807.290775,1105.1949010308333,307114.5737933333,12899.653606208332,754419.6497075,142375.283917,11,1
242,"(11, 2)",4973.679269041666,1195922.6180166667,1067.4729070191668,290225.8852133333,12502.84464585,752280.9600725,140916.3602411667,11,2
243,"(11, 3)",5119.1138753,1192580.750355,1063.7481249525,283669.9358225,12613.504522125,756215.2494933333,140083.92041308334,11,3
244,"(11, 4)",5495.530838549999,1228316.1125033337,1097.1218494991667,286207.1137125,12576.408756975,785956.9233333333,143576.66254016667,11,4
245,"(11, 5)",6209.134238633333,1273720.3195758334,1120.624699865,294329.34002,12386.348177516666,815007.0545133334,151996.97545158333,11,5
246,"(11, 6)",6309.553174366666,1342025.0674783334,1141.8071279175,310170.275245,12490.665270566667,854802.3447666666,164562.96112958333,11,6
247,"(11, 7)",6390.719046775001,1431735.128598333,1222.9089106383333,334611.81502083334,12874.014589858332,908341.5861291668,175907.74802416665,11,7
248,"(11, 8)",6804.445251258334,1517755.437554167,1347.2855586116666,364412.488925,13408.2028329,955636.7494308334,184297.42741,11,8
249,"(11, 9)",7023.795820191666,1563713.8659158335,1487.9172685616666,385646.4304016667,14134.642594416666,971954.0559816668,191978.59548416667,11,9
250,"(11, 10)",6037.685111691667,1532275.8120133332,987.4667671558332,387383.0606133333,14447.93448785,941853.4495358332,188593.89652666668,11,10
251,"(11, 11)",4704.259972741666,1437863.3412258334,253.424406699775,374443.8940608333,14066.761915158331,876077.99698,173276.76528583333,11,11
252,"(11, 12)",3831.7499076675,1327776.0034575,-198.7451707575,353745.9580141667,12794.124843975,801729.2205650001,159504.77252,11,12
253,"(11, 13)",2975.4888650683333,1211860.1612475,-646.5584077693333,330556.82879583334,11515.492700775,724372.37564,145415.34191716666,11,13
254,"(11, 14)",2450.3310766325,1112068.0215475,-822.3757893908083,308531.00793333334,11196.119397925,661576.2012916667,130768.93080841666,11,14
255,"(11, 15)",2180.536866555833,995143.1544383334,-831.6594959716333,284631.518785,9812.574084633332,586141.6001183334,114564.80624191668,11,15
256,"(11, 16)",2099.53420587,919651.795815,-576.1366204635833,271907.71364666667,8456.1378744,533427.5628583333,105869.10320725,11,16
257,"(11, 17)",2411.774685355,909369.6440116666,-59.32613363543333,277048.9581133333,7977.445738383333,520269.3949783333,104079.04256766666,11,17
258,"(11, 18)",3196.961777025,967661.0734225,613.3218907577999,305100.3726608333,8158.483550908333,544908.1489591667,109492.56486516666,11,18
259,"(11, 19)",4066.337113716667,1070565.608145,1263.9077443216663,344468.63965333335,9023.076667425,594875.051175,122197.35142383332,11,19
260,"(11, 20)",4215.296145808334,1149568.4788241668,1391.1818934966666,371415.9589825,9921.851984375,638365.0591800001,129865.36617025,11,20
261,"(11, 21)",4555.2459454,1206466.5465991667,1507.7861359066667,383094.12538,10966.579926725,678073.6822708334,134330.90247341667,11,21
262,"(11, 22)",4889.619937666666,1242817.7176333333,1537.4048120525,380455.6640875,11672.178859416666,711920.230675,138768.358671,11,22
263,"(11, 23)",4894.136051825,1266392.1463608334,1476.61782125,364969.20664333337,12407.900396874998,743459.731305,145554.52540516667,11,23
264,"(12, 0)",6856.926215016129,1653297.8582580644,1613.1510082387097,423681.39281451615,17454.021782983873,1018231.509932258,193930.7981362903,12,0
265,"(12, 1)",6838.817273806452,1608813.9400322582,1421.4984536475806,386785.88696612907,17161.25999451613,1014323.684664516,190542.28698064515,12,1
266,"(12, 2)",6924.503399733871,1573945.509548387,1342.6106075685484,362782.77967580647,16568.68374967742,1006215.9882266128,188376.04523225807,12,2
267,"(12, 3)",7020.315859782258,1557495.2144274192,1327.4539872645162,351680.1432685484,16582.90067685484,1003044.639008871,186188.08408064517,12,3
268,"(12, 4)",7401.915842588709,1588831.9291451613,1357.7047424596774,351321.07859596773,16403.075411209677,1032427.682608871,188677.56104758065,12,4
269,"(12, 5)",8142.876215564516,1626676.6565080646,1340.4001857129033,357552.5037604839,16016.626576612902,1056516.864162903,196589.0767096774,12,5
270,"(12, 6)",8245.298404870968,1693446.9203225807,1352.2079779604835,372264.526641129,15978.314754032255,1095495.686051613,209708.23205967745,12,6
271,"(12, 7)",8261.507978790321,1783774.156645161,1440.2753231491936,395236.3315612903,16433.84756362903,1150416.573830645,221684.60128387096,12,7
272,"(12, 8)",8584.573802403225,1873825.7247983871,1571.6606876048388,427885.771341129,16832.369025241936,1198666.4576379033,230438.48144112903,12,8
273,"(12, 9)",8901.324615830647,1939894.1372983872,1803.9170508548389,455839.0196016129,17641.259102419357,1225776.06518871,240635.120125,12,9
274,"(12, 10)",8504.779777911292,1948425.0423951608,1664.0981070387097,468349.9309798387,18229.191939516128,1219915.910107258,241927.54193387096,12,10
275,"(12, 11)",7459.508616548387,1877587.9037016127,1002.1431609705644,461591.1034653226,18246.821890322582,1169569.6754508065,228180.35244032255,12,11
276,"(12, 12)",6426.680914217743,1773081.1570483872,427.6736645701613,442995.0804427419,17117.441209516128,1098331.5425435484,214635.68160403223,12,12
277,"(12, 13)",5602.73782308871,1650554.9276532258,-54.97545590162097,418587.20429758064,15798.126096935484,1016124.2853185484,200043.82307741937,12,13
278,"(12, 14)",5090.094665145161,1550003.632266129,-239.01650494762097,397488.77482903225,15804.146959435484,952177.4334564516,184531.5062483871,12,14
279,"(12, 15)",4814.519316975807,1419205.1218991936,-278.6049255191855,372741.1029564516,14369.466605774192,866447.0308903226,165645.94931612903,12,15
280,"(12, 16)",4809.783202701613,1334500.7524435483,-30.487028239943548,356617.5011879032,12712.591192080645,809778.9118024193,155387.8613233871,12,16
281,"(12, 17)",4981.184640427419,1325840.604596774,369.3396171918226,360941.79705161287,12316.841237991935,799150.7888604839,153428.48463790322,12,17
282,"(12, 18)",5854.063763048387,1404443.634845161,1022.6618115804032,393209.2829741935,12586.655534870968,837088.9669395161,161558.65186774192,12,18
283,"(12, 19)",6584.057136064516,1520136.3284516127,1645.4364450806452,438881.5889169355,13603.105415959675,891517.5735604839,176132.67156532255,12,19
284,"(12, 20)",6539.382806072581,1596945.6665,1805.477233798387,468096.8786879032,14484.050124903226,930731.3727129032,183633.3590806452,12,20
285,"(12, 21)",6827.806208854839,1649712.239814516,1915.2426419516128,478698.1125290322,15512.942892258065,967599.0579298388,187903.112525,12,21
286,"(12, 22)",7076.5122925,1681471.8472741935,1870.391777241936,473921.2406096775,16089.658075403226,998926.6998653226,192535.17471048387,12,22
287,"(12, 23)",7121.626698846774,1700837.2425725807,1836.702371064516,456930.5266766129,16803.497957258063,1028469.067151613,198633.95810887095,12,23
